{
    "parts": {
        "1": {
            "name": "base1high",
            "objs": [
                {
                    "x": 88,
                    "y": 28,
                    "obj": "a"
                },
                {
                    "x": 271,
                    "y": 49,
                    "obj": "a"
                },
                {
                    "x": 156,
                    "y": 119,
                    "obj": "b"
                },
                {
                    "x": 51,
                    "y": 172,
                    "obj": "a"
                },
                {
                    "x": 233,
                    "y": 215,
                    "obj": "a"
                }
            ]
        },
        "2": {
            "name": "base1Low",
            "objs": [
                {
                    "x": 198,
                    "y": 23,
                    "obj": "a"
                },
                {
                    "x": 65,
                    "y": 83,
                    "obj": "a"
                },
                {
                    "x": 263,
                    "y": 98,
                    "obj": "a"
                },
                {
                    "x": 157,
                    "y": 169,
                    "obj": "b"
                },
                {
                    "x": 49,
                    "y": 211,
                    "obj": "a"
                },
                {
                    "x": 232,
                    "y": 232,
                    "obj": "a"
                }
            ]
        },
        "b": {
            "name": "base1SinglePart",
            "objs": [
                {
                    "x": 263,
                    "y": 8,
                    "obj": "a"
                },
                {
                    "x": 80,
                    "y": 32,
                    "obj": "a"
                },
                {
                    "x": 230,
                    "y": 58,
                    "obj": "a"
                },
                {
                    "x": 56,
                    "y": 105,
                    "obj": "a"
                },
                {
                    "x": 160,
                    "y": 119,
                    "obj": "b"
                },
                {
                    "x": 274,
                    "y": 137,
                    "obj": "a"
                },
                {
                    "x": 91,
                    "y": 189,
                    "obj": "a"
                },
                {
                    "x": 222,
                    "y": 190,
                    "obj": "a"
                }
            ]
        },
        "a": {
            "name": "asteroids1LevelPart",
            "objs": [
                {
                    "x": 32,
                    "y": 23,
                    "obj": "a"
                },
                {
                    "x": 264,
                    "y": 31,
                    "obj": "a"
                },
                {
                    "x": 136,
                    "y": 39,
                    "obj": "a"
                },
                {
                    "x": 216,
                    "y": 63,
                    "obj": "a"
                },
                {
                    "x": 48,
                    "y": 95,
                    "obj": "g"
                },
                {
                    "x": 200,
                    "y": 95,
                    "obj": "a"
                },
                {
                    "x": 104,
                    "y": 143,
                    "obj": "a"
                },
                {
                    "x": 264,
                    "y": 151,
                    "obj": "a"
                },
                {
                    "x": 152,
                    "y": 159,
                    "obj": "a"
                },
                {
                    "x": 40,
                    "y": 191,
                    "obj": "a"
                },
                {
                    "x": 216,
                    "y": 207,
                    "obj": "a"
                },
                {
                    "x": 272,
                    "y": 207,
                    "obj": "a"
                }
            ]
        }
    },
    "levels": {
        "_": [
            {
                "map": [
                    "---------",
                    "---------",
                    "---------",
                    "---------",
                    "---------",
                    "---------",
                    "---------",
                    "---------",
                    "---------",
                    "---------",
                    "---------",
                    "---------"
                ]
            }
        ],
        "2": [
            {
                "map": [
                    "---------",
                    "---------",
                    "---------",
                    "----aa---",
                    "---aa2a--",
                    "--a1-aa--",
                    "--aaa1a--",
                    "---aaa---",
                    "----a----",
                    "---------",
                    "---------",
                    "---------"
                ]
            },
            {
                "map": [
                    "---------",
                    "---------",
                    "---------",
                    "--aaa----",
                    "-aa2aaa--",
                    "-aaa-1aa-",
                    "-aa1aa---",
                    "--aaa----",
                    "---------",
                    "---------",
                    "---------",
                    "---------"
                ]
            }
        ],
        "3": [
            {
                "map": [
                    "---------",
                    "---------",
                    "--aaaaa--",
                    "--a2aa2a-",
                    "--aaaaaa-",
                    "-a1a-aa2a",
                    "-aaaaaaa-",
                    "--aaa1aa-",
                    "---aaaa--",
                    "---------",
                    "---------",
                    "---------"
                ]
            },
            {
                "map": [
                    "---------",
                    "---------",
                    "---------",
                    "---aaaa--",
                    "--a2aa1--",
                    "-a1aa-aaa",
                    "-aa1aa2aa",
                    "--aaaaa--",
                    "---------",
                    "---------",
                    "---------",
                    "---------"
                ]
            }
        ],
        "1": [
            {
                "map": [
                    "---------",
                    "---------",
                    "---aaaa--",
                    "-aaaaaaa-",
                    "aaababaaa",
                    "aaab-baaa",
                    "aaababaaa",
                    "-aababaa-",
                    "--aaaa---",
                    "---------",
                    "---------",
                    "---------"
                ]
            }
        ]
    }
}