{
    "name": "startMusic",
    "tempo": 15,
    "tracks": [
        {
            "on": true,
            "instrument": {
                "wave": 0,
                "a": 1,
                "d": 0.1,
                "s": 1,
                "r": 0.1
            },
            "notes": [
                {
                    "seq": 1,
                    "freq": 1800,
                    "dur": 1,
                    "vel": 1
                },
                {
                    "seq": 2,
                    "freq": 2000,
                    "dur": 1,
                    "vel": 1
                },
                {
                    "seq": 3,
                    "freq": 1600,
                    "dur": 1,
                    "vel": 1
                },
                {
                    "seq": 4,
                    "freq": 1800,
                    "dur": 1,
                    "vel": 1
                },
                {
                    "seq": 5,
                    "freq": 1350,
                    "dur": 1,
                    "vel": 1
                },
                {
                    "seq": 6,
                    "freq": 1600,
                    "dur": 1,
                    "vel": 1
                },
                {
                    "seq": 7,
                    "freq": 1200,
                    "dur": 1,
                    "vel": 1
                },
                {
                    "seq": 8,
                    "freq": 1350,
                    "dur": 1,
                    "vel": 1
                },
                {
                    "seq": 9,
                    "freq": 1000,
                    "dur": 1,
                    "vel": 1
                },
                {
                    "seq": 10,
                    "freq": 1200,
                    "dur": 1,
                    "vel": 1
                },
                {
                    "seq": 11,
                    "freq": 900,
                    "dur": 1,
                    "vel": 1
                },
                {
                    "seq": 12,
                    "freq": 1000,
                    "dur": 1,
                    "vel": 1
                },
                {
                    "seq": 13,
                    "freq": 800,
                    "dur": 1,
                    "vel": 1
                },
                {
                    "seq": 14,
                    "freq": 900,
                    "dur": 1,
                    "vel": 1
                },
                {
                    "seq": 15,
                    "freq": 700,
                    "dur": 1,
                    "vel": 1
                },
                {
                    "seq": 16,
                    "freq": 800,
                    "dur": 1,
                    "vel": 1
                },
                {
                    "seq": 17,
                    "freq": 600,
                    "dur": 1,
                    "vel": 1
                },
                {
                    "seq": 18,
                    "freq": 680,
                    "dur": 1,
                    "vel": 1
                },
                {
                    "seq": 19,
                    "freq": 500,
                    "dur": 1,
                    "vel": 1
                },
                {
                    "seq": 20,
                    "freq": 600,
                    "dur": 1,
                    "vel": 1
                },
                {
                    "seq": 21,
                    "freq": 450,
                    "dur": 1,
                    "vel": 1
                },
                {
                    "seq": 22,
                    "freq": 500,
                    "dur": 1,
                    "vel": 1
                },
                {
                    "seq": 23,
                    "freq": 400,
                    "dur": 1,
                    "vel": 1
                },
                {
                    "seq": 24,
                    "freq": 450,
                    "dur": 1,
                    "vel": 1
                },
                {
                    "seq": 25,
                    "freq": 350,
                    "dur": 1,
                    "vel": 1
                },
                {
                    "seq": 26,
                    "freq": 400,
                    "dur": 1,
                    "vel": 1
                }
            ]
        },
        {
            "on": true,
            "instrument": {
                "wave": 0,
                "a": 1,
                "d": 0.1,
                "s": 1,
                "r": 0.1
            },
            "notes": [
                {
                    "seq": 1,
                    "freq": 1600,
                    "dur": 1,
                    "vel": 1
                },
                {
                    "seq": 2,
                    "freq": 1800,
                    "dur": 1,
                    "vel": 1
                },
                {
                    "seq": 3,
                    "freq": 1350,
                    "dur": 1,
                    "vel": 1
                },
                {
                    "seq": 4,
                    "freq": 1600,
                    "dur": 1,
                    "vel": 1
                },
                {
                    "seq": 5,
                    "freq": 1200,
                    "dur": 1,
                    "vel": 1
                },
                {
                    "seq": 6,
                    "freq": 1350,
                    "dur": 1,
                    "vel": 1
                },
                {
                    "seq": 7,
                    "freq": 1000,
                    "dur": 1,
                    "vel": 1
                },
                {
                    "seq": 8,
                    "freq": 1200,
                    "dur": 1,
                    "vel": 1
                },
                {
                    "seq": 9,
                    "freq": 900,
                    "dur": 1,
                    "vel": 1
                },
                {
                    "seq": 10,
                    "freq": 1000,
                    "dur": 1,
                    "vel": 1
                },
                {
                    "seq": 11,
                    "freq": 800,
                    "dur": 1,
                    "vel": 1
                },
                {
                    "seq": 12,
                    "freq": 900,
                    "dur": 1,
                    "vel": 1
                },
                {
                    "seq": 13,
                    "freq": 680,
                    "dur": 1,
                    "vel": 1
                },
                {
                    "seq": 14,
                    "freq": 800,
                    "dur": 1,
                    "vel": 1
                },
                {
                    "seq": 15,
                    "freq": 600,
                    "dur": 1,
                    "vel": 1
                },
                {
                    "seq": 16,
                    "freq": 680,
                    "dur": 1,
                    "vel": 1
                },
                {
                    "seq": 17,
                    "freq": 500,
                    "dur": 1,
                    "vel": 1
                },
                {
                    "seq": 18,
                    "freq": 600,
                    "dur": 1,
                    "vel": 1
                },
                {
                    "seq": 19,
                    "freq": 420,
                    "dur": 1,
                    "vel": 1
                },
                {
                    "seq": 20,
                    "freq": 500,
                    "dur": 1,
                    "vel": 1
                },
                {
                    "seq": 21,
                    "freq": 380,
                    "dur": 1,
                    "vel": 1
                },
                {
                    "seq": 22,
                    "freq": 420,
                    "dur": 1,
                    "vel": 1
                },
                {
                    "seq": 23,
                    "freq": 320,
                    "dur": 1,
                    "vel": 1
                },
                {
                    "seq": 24,
                    "freq": 380,
                    "dur": 1,
                    "vel": 1
                },
                {
                    "seq": 25,
                    "freq": 250,
                    "dur": 1,
                    "vel": 1
                },
                {
                    "seq": 26,
                    "freq": 300,
                    "dur": 1,
                    "vel": 1
                }
            ]
        },
        {
            "on": true,
            "instrument": {
                "wave": 2,
                "vol": 0.4,
                "a": 0.02,
                "d": 0.01,
                "s": 0.5,
                "r": 0.01
            },
            "notes": [
                {
                    "seq": 1,
                    "freq": 150,
                    "dur": 1,
                    "vel": 1
                },
                {
                    "seq": 2,
                    "freq": 150,
                    "dur": 1,
                    "vel": 1
                },
                {
                    "seq": 3,
                    "freq": 150,
                    "dur": 1,
                    "vel": 1
                },
                {
                    "seq": 4,
                    "freq": 150,
                    "dur": 1,
                    "vel": 1
                },
                {
                    "seq": 5,
                    "freq": 150,
                    "dur": 1,
                    "vel": 1
                },
                {
                    "seq": 6,
                    "freq": 150,
                    "dur": 1,
                    "vel": 1
                },
                {
                    "seq": 7,
                    "freq": 150,
                    "dur": 1,
                    "vel": 1
                },
                {
                    "seq": 8,
                    "freq": 150,
                    "dur": 1,
                    "vel": 1
                },
                {
                    "seq": 9,
                    "freq": 150,
                    "dur": 1,
                    "vel": 1
                },
                {
                    "seq": 10,
                    "freq": 150,
                    "dur": 1,
                    "vel": 1
                },
                {
                    "seq": 11,
                    "freq": 150,
                    "dur": 1,
                    "vel": 1
                },
                {
                    "seq": 12,
                    "freq": 150,
                    "dur": 1,
                    "vel": 1
                },
                {
                    "seq": 13,
                    "freq": 150,
                    "dur": 1,
                    "vel": 1
                },
                {
                    "seq": 14,
                    "freq": 150,
                    "dur": 1,
                    "vel": 1
                },
                {
                    "seq": 15,
                    "freq": 150,
                    "dur": 1,
                    "vel": 1
                },
                {
                    "seq": 16,
                    "freq": 150,
                    "dur": 1,
                    "vel": 1
                },
                {
                    "seq": 17,
                    "freq": 150,
                    "dur": 1,
                    "vel": 1
                },
                {
                    "seq": 18,
                    "freq": 150,
                    "dur": 1,
                    "vel": 1
                },
                {
                    "seq": 19,
                    "freq": 150,
                    "dur": 1,
                    "vel": 1
                },
                {
                    "seq": 20,
                    "freq": 150,
                    "dur": 1,
                    "vel": 1
                },
                {
                    "seq": 21,
                    "freq": 150,
                    "dur": 1,
                    "vel": 1
                },
                {
                    "seq": 22,
                    "freq": 150,
                    "dur": 1,
                    "vel": 1
                },
                {
                    "seq": 23,
                    "freq": 150,
                    "dur": 1,
                    "vel": 1
                },
                {
                    "seq": 24,
                    "freq": 150,
                    "dur": 1,
                    "vel": 1
                },
                {
                    "seq": 25,
                    "freq": 150,
                    "dur": 1,
                    "vel": 1
                },
                {
                    "seq": 26,
                    "freq": 150,
                    "dur": 1,
                    "vel": 1
                }
            ]
        }
    ]
}